{
    "theta0": 7990.669318661833,
    "theta1": -4609.685931253244,
    "km_min": 22899.0,
    "km_max": 240000.0
}