{
    "theta0": 8008.439832646386,
    "theta1": -4656.591444721068,
    "km_min": 22899.0,
    "km_max": 240000.0
}